id,name,attendance,midterm,assignment,logins,study_hours
STU-1000,Student 1,78,53,64,9,1
STU-1001,Student 2,91,91,90,29,11
STU-1002,Student 3,68,58,83,14,13
STU-1003,Student 4,54,45,92,22,2
STU-1004,Student 5,82,53,36,9,11
STU-1005,Student 6,47,73,78,24,12
STU-1006,Student 7,60,22,60,23,12
STU-1007,Student 8,78,69,87,16,6
STU-1008,Student 9,97,31,90,29,9
STU-1009,Student 10,58,84,53,17,4
STU-1010,Student 11,62,73,49,16,3
STU-1011,Student 12,50,24,66,12,12
STU-1012,Student 13,50,76,33,3,8
STU-1013,Student 14,63,36,49,11,11
STU-1014,Student 15,92,66,89,14,10
STU-1015,Student 16,75,42,53,18,14
STU-1016,Student 17,79,98,79,21,9
STU-1017,Student 18,63,33,78,21,12
STU-1018,Student 19,42,85,80,5,11
STU-1019,Student 20,61,94,65,16,5
STU-1020,Student 21,92,70,95,20,9
STU-1021,Student 22,41,57,63,5,2
STU-1022,Student 23,63,83,65,3,3
STU-1023,Student 24,83,57,35,12,7
STU-1024,Student 25,69,69,68,1,7
STU-1025,Student 26,77,49,71,21,6
STU-1026,Student 27,41,98,87,29,6
STU-1027,Student 28,99,70,41,9,2
STU-1028,Student 29,60,82,32,29,10
STU-1029,Student 30,72,71,47,9,6
STU-1030,Student 31,51,57,69,4,4
STU-1031,Student 32,97,98,50,3,12
STU-1032,Student 33,61,49,44,17,3
STU-1033,Student 34,83,70,55,2,13
STU-1034,Student 35,64,24,37,24,11
STU-1035,Student 36,88,48,71,1,13
STU-1036,Student 37,66,23,73,8,2
STU-1037,Student 38,98,29,43,13,1
STU-1038,Student 39,81,75,31,23,11
STU-1039,Student 40,67,36,66,15,11
STU-1040,Student 41,99,93,98,8,5
STU-1041,Student 42,55,36,67,12,2
STU-1042,Student 43,54,88,70,22,2
STU-1043,Student 44,86,53,91,12,7
STU-1044,Student 45,90,25,89,14,8
STU-1045,Student 46,83,72,43,15,13
STU-1046,Student 47,94,85,31,15,10
STU-1047,Student 48,91,96,99,9,8
STU-1048,Student 49,96,62,46,19,14
STU-1049,Student 50,42,94,57,26,4
STU-1050,Student 51,76,42,95,20,14
STU-1051,Student 52,90,74,64,29,1
STU-1052,Student 53,46,99,34,22,11
STU-1053,Student 54,60,94,94,8,7
STU-1054,Student 55,48,35,69,21,1
STU-1055,Student 56,78,27,85,19,11
STU-1056,Student 57,57,23,65,6,4
STU-1057,Student 58,43,23,74,20,8
STU-1058,Student 59,64,75,52,25,2
STU-1059,Student 60,99,44,76,29,6
STU-1060,Student 61,53,86,60,19,13
STU-1061,Student 62,89,86,40,4,6
STU-1062,Student 63,97,46,39,23,12
STU-1063,Student 64,48,51,96,7,9
STU-1064,Student 65,65,69,43,28,5
STU-1065,Student 66,92,80,39,28,10
STU-1066,Student 67,41,70,30,4,4
STU-1067,Student 68,59,38,34,22,5
STU-1068,Student 69,67,40,49,12,12
STU-1069,Student 70,86,24,37,13,12
STU-1070,Student 71,99,61,72,3,10
STU-1071,Student 72,46,80,30,22,11
STU-1072,Student 73,83,41,86,12,5
STU-1073,Student 74,47,40,93,2,8
STU-1074,Student 75,86,89,57,24,10
STU-1075,Student 76,74,20,66,2,12
STU-1076,Student 77,53,24,76,27,8
STU-1077,Student 78,56,31,66,23,2
STU-1078,Student 79,75,65,78,9,7
STU-1079,Student 80,89,53,73,1,8
STU-1080,Student 81,79,68,85,8,11
STU-1081,Student 82,43,97,57,23,6
STU-1082,Student 83,41,64,35,6,5
STU-1083,Student 84,45,46,90,6,11
STU-1084,Student 85,93,92,49,22,9
STU-1085,Student 86,81,45,31,25,13
STU-1086,Student 87,43,66,66,18,3
STU-1087,Student 88,93,75,49,17,12
STU-1088,Student 89,68,82,55,29,13
STU-1089,Student 90,57,67,58,12,13
STU-1090,Student 91,65,80,30,6,10
STU-1091,Student 92,83,45,64,26,4
STU-1092,Student 93,73,55,99,27,9
STU-1093,Student 94,49,20,88,8,6
STU-1094,Student 95,75,27,98,19,8
STU-1095,Student 96,53,71,62,28,7
STU-1096,Student 97,70,98,80,10,11
STU-1097,Student 98,87,66,41,1,2
STU-1098,Student 99,54,75,49,25,3
STU-1099,Student 100,47,33,82,29,1
STU-1100,Student 101,53,47,72,13,9
STU-1101,Student 102,62,97,79,17,13
STU-1102,Student 103,99,21,58,3,7
STU-1103,Student 104,96,45,86,8,1
STU-1104,Student 105,79,33,68,14,3
STU-1105,Student 106,60,78,85,3,4
STU-1106,Student 107,55,75,72,16,4
STU-1107,Student 108,84,26,79,13,5
STU-1108,Student 109,57,22,52,20,14
STU-1109,Student 110,86,42,73,24,3
STU-1110,Student 111,92,37,67,17,3
STU-1111,Student 112,63,57,52,13,1
STU-1112,Student 113,65,34,74,29,7
STU-1113,Student 114,64,83,81,6,11
STU-1114,Student 115,99,47,79,17,10
STU-1115,Student 116,99,93,37,14,14
STU-1116,Student 117,99,58,30,17,1
STU-1117,Student 118,84,76,37,8,2
STU-1118,Student 119,80,36,58,11,13
STU-1119,Student 120,68,63,34,20,4
STU-1120,Student 121,54,44,76,28,13
STU-1121,Student 122,84,36,63,1,4
STU-1122,Student 123,40,32,94,26,5
STU-1123,Student 124,64,44,84,7,11
STU-1124,Student 125,46,87,72,21,2
STU-1125,Student 126,48,29,59,21,4
STU-1126,Student 127,63,86,46,17,1
STU-1127,Student 128,40,37,55,10,2
STU-1128,Student 129,83,53,37,11,1
STU-1129,Student 130,47,27,76,22,10
STU-1130,Student 131,63,59,75,9,10
STU-1131,Student 132,50,61,97,9,13
STU-1132,Student 133,90,60,62,24,4
STU-1133,Student 134,56,25,30,5,4
STU-1134,Student 135,47,71,48,17,7
STU-1135,Student 136,74,45,60,9,10
STU-1136,Student 137,74,83,43,17,11
STU-1137,Student 138,72,78,82,24,11
STU-1138,Student 139,98,75,77,21,9
STU-1139,Student 140,44,78,98,19,9
STU-1140,Student 141,81,89,91,27,5
STU-1141,Student 142,78,52,95,7,10
STU-1142,Student 143,97,72,93,23,1
STU-1143,Student 144,80,41,99,9,1
STU-1144,Student 145,67,40,92,7,6
STU-1145,Student 146,46,89,62,13,2
STU-1146,Student 147,48,89,70,11,8
STU-1147,Student 148,47,23,77,14,13
STU-1148,Student 149,51,94,42,19,9
STU-1149,Student 150,73,81,60,11,13
STU-1150,Student 151,72,81,97,13,4
STU-1151,Student 152,87,43,33,14,5
STU-1152,Student 153,94,74,48,13,11
STU-1153,Student 154,62,28,99,1,8
STU-1154,Student 155,63,22,42,8,3
STU-1155,Student 156,76,50,52,12,5
STU-1156,Student 157,74,59,30,19,3
STU-1157,Student 158,83,55,83,12,12
STU-1158,Student 159,79,43,44,8,10
STU-1159,Student 160,61,25,94,8,3
STU-1160,Student 161,66,85,44,29,3
STU-1161,Student 162,74,94,50,21,13
STU-1162,Student 163,40,23,48,13,12
STU-1163,Student 164,74,98,89,12,7
STU-1164,Student 165,76,25,62,29,7
STU-1165,Student 166,86,70,78,16,7
STU-1166,Student 167,53,81,64,1,10
STU-1167,Student 168,42,76,73,13,8
STU-1168,Student 169,40,85,40,26,5
STU-1169,Student 170,44,98,95,7,5
STU-1170,Student 171,65,94,75,28,14
STU-1171,Student 172,94,27,38,26,4
STU-1172,Student 173,53,45,32,5,7
STU-1173,Student 174,78,70,55,8,10
STU-1174,Student 175,66,64,77,25,4
STU-1175,Student 176,48,63,95,27,2
STU-1176,Student 177,54,24,99,14,4
STU-1177,Student 178,54,89,57,23,13
STU-1178,Student 179,65,45,55,13,13
STU-1179,Student 180,81,87,54,15,8
STU-1180,Student 181,99,38,41,23,9
STU-1181,Student 182,52,39,34,17,3
STU-1182,Student 183,90,31,77,15,7
STU-1183,Student 184,71,66,66,20,14
STU-1184,Student 185,78,20,73,18,12
STU-1185,Student 186,88,33,44,18,14
STU-1186,Student 187,91,83,72,2,9
STU-1187,Student 188,71,57,77,4,11
STU-1188,Student 189,43,56,99,1,4
STU-1189,Student 190,69,30,75,4,10
STU-1190,Student 191,76,96,72,18,3
STU-1191,Student 192,62,22,50,5,5
STU-1192,Student 193,78,52,52,19,1
STU-1193,Student 194,84,25,76,15,3
STU-1194,Student 195,54,69,44,28,8
STU-1195,Student 196,82,29,54,8,11
STU-1196,Student 197,68,24,65,20,8
STU-1197,Student 198,75,42,80,17,13
STU-1198,Student 199,52,29,44,1,4
STU-1199,Student 200,71,63,97,12,2
STU-1200,Student 201,46,21,50,26,13
STU-1201,Student 202,98,32,42,19,8
STU-1202,Student 203,90,59,48,15,8
STU-1203,Student 204,61,21,63,9,10
STU-1204,Student 205,67,84,97,7,4
STU-1205,Student 206,41,82,81,2,3
STU-1206,Student 207,81,92,56,29,2
STU-1207,Student 208,84,36,58,9,9
STU-1208,Student 209,96,28,57,10,1
STU-1209,Student 210,92,94,64,2,7
STU-1210,Student 211,45,34,37,19,5
STU-1211,Student 212,67,43,45,11,8
STU-1212,Student 213,67,57,65,13,4
STU-1213,Student 214,83,54,59,10,7
STU-1214,Student 215,83,68,47,14,13
STU-1215,Student 216,59,88,31,18,5
STU-1216,Student 217,69,81,78,19,14
STU-1217,Student 218,50,79,33,22,5
STU-1218,Student 219,97,69,36,9,14
STU-1219,Student 220,94,97,68,25,9
STU-1220,Student 221,67,94,42,7,9
STU-1221,Student 222,64,28,60,28,13
STU-1222,Student 223,78,53,92,3,9
STU-1223,Student 224,72,95,85,20,12
STU-1224,Student 225,40,54,71,6,6
STU-1225,Student 226,96,20,90,27,6
STU-1226,Student 227,66,59,71,21,5
STU-1227,Student 228,96,83,85,2,9
STU-1228,Student 229,91,41,65,29,10
STU-1229,Student 230,52,79,97,6,8
STU-1230,Student 231,80,83,36,3,7
STU-1231,Student 232,42,91,83,16,7
STU-1232,Student 233,78,30,30,8,6
STU-1233,Student 234,45,33,73,2,5
STU-1234,Student 235,47,79,74,17,13
STU-1235,Student 236,66,49,76,9,4
STU-1236,Student 237,48,54,42,12,3
STU-1237,Student 238,76,56,51,3,3
STU-1238,Student 239,72,24,50,11,6
STU-1239,Student 240,90,97,38,1,4
STU-1240,Student 241,81,45,55,23,12
STU-1241,Student 242,83,81,38,13,12
STU-1242,Student 243,63,23,44,15,6
STU-1243,Student 244,54,61,39,26,3
STU-1244,Student 245,98,37,71,5,4
STU-1245,Student 246,93,59,53,21,9
STU-1246,Student 247,71,91,78,17,5
STU-1247,Student 248,71,58,55,25,13
STU-1248,Student 249,63,33,66,23,7
STU-1249,Student 250,80,51,97,24,10
STU-1250,Student 251,91,70,79,25,2
STU-1251,Student 252,88,57,53,6,14
STU-1252,Student 253,88,42,48,28,14
STU-1253,Student 254,97,82,89,21,5
STU-1254,Student 255,91,34,68,22,9
STU-1255,Student 256,51,44,47,11,11
STU-1256,Student 257,78,36,48,18,3
STU-1257,Student 258,41,85,65,4,14
STU-1258,Student 259,42,97,84,3,9
STU-1259,Student 260,88,72,98,13,14
STU-1260,Student 261,76,70,76,23,11
STU-1261,Student 262,88,58,78,9,6
STU-1262,Student 263,95,70,62,21,4
STU-1263,Student 264,56,89,50,6,7
STU-1264,Student 265,98,25,51,26,8
STU-1265,Student 266,88,86,77,28,6
STU-1266,Student 267,41,26,66,12,5
STU-1267,Student 268,41,70,44,2,6
STU-1268,Student 269,67,91,64,3,5
STU-1269,Student 270,93,61,61,3,8
STU-1270,Student 271,62,83,40,28,1
STU-1271,Student 272,76,34,39,12,11
STU-1272,Student 273,71,48,86,15,7
STU-1273,Student 274,72,52,54,9,10
STU-1274,Student 275,40,46,31,23,10
STU-1275,Student 276,58,55,93,8,11
STU-1276,Student 277,41,48,64,11,2
STU-1277,Student 278,92,57,36,16,14
STU-1278,Student 279,83,76,47,26,9
STU-1279,Student 280,65,46,96,27,1
STU-1280,Student 281,71,74,71,25,11
STU-1281,Student 282,45,52,68,22,10
STU-1282,Student 283,71,87,70,4,6
STU-1283,Student 284,94,85,53,28,9
STU-1284,Student 285,43,29,89,1,1
STU-1285,Student 286,94,24,75,24,4
STU-1286,Student 287,50,93,48,7,4
STU-1287,Student 288,95,57,97,2,9
STU-1288,Student 289,98,32,71,24,11
STU-1289,Student 290,56,50,61,28,5
STU-1290,Student 291,77,66,68,5,5
STU-1291,Student 292,63,71,65,7,6
STU-1292,Student 293,44,75,65,4,1
STU-1293,Student 294,91,34,32,5,1
STU-1294,Student 295,73,48,37,24,9
STU-1295,Student 296,45,27,99,1,3
STU-1296,Student 297,61,24,70,1,4
STU-1297,Student 298,50,48,97,15,1
STU-1298,Student 299,87,66,42,20,9
STU-1299,Student 300,55,87,78,19,8
STU-1300,Student 301,72,95,89,29,2
STU-1301,Student 302,48,64,31,10,8
STU-1302,Student 303,99,21,89,28,7
STU-1303,Student 304,98,46,34,18,11
STU-1304,Student 305,45,55,73,28,6
STU-1305,Student 306,55,55,56,3,1
STU-1306,Student 307,68,45,61,11,7
STU-1307,Student 308,42,62,50,15,10
STU-1308,Student 309,59,46,37,27,7
STU-1309,Student 310,99,88,79,11,13
STU-1310,Student 311,98,39,96,17,14
STU-1311,Student 312,75,30,73,17,9
STU-1312,Student 313,58,93,87,6,1
STU-1313,Student 314,65,57,32,5,2
STU-1314,Student 315,42,25,99,8,11
STU-1315,Student 316,58,91,31,2,9
STU-1316,Student 317,59,42,73,16,13
STU-1317,Student 318,71,66,31,20,9
STU-1318,Student 319,46,65,64,24,13
STU-1319,Student 320,91,31,59,12,6
STU-1320,Student 321,80,32,37,6,6
STU-1321,Student 322,72,81,51,1,4
STU-1322,Student 323,79,79,73,4,4
STU-1323,Student 324,78,62,87,17,5
STU-1324,Student 325,57,95,65,13,3
STU-1325,Student 326,79,87,98,18,1
STU-1326,Student 327,40,24,60,5,1
STU-1327,Student 328,50,56,76,24,12
STU-1328,Student 329,67,91,84,24,13
STU-1329,Student 330,96,50,91,27,7
STU-1330,Student 331,64,28,59,3,1
STU-1331,Student 332,89,70,84,11,1
STU-1332,Student 333,62,48,45,13,3
STU-1333,Student 334,70,97,41,4,10
STU-1334,Student 335,69,59,46,26,4
STU-1335,Student 336,81,60,45,27,4
STU-1336,Student 337,74,30,41,14,2
STU-1337,Student 338,46,42,37,22,1
STU-1338,Student 339,99,20,32,11,3
STU-1339,Student 340,55,65,45,27,11
STU-1340,Student 341,65,40,59,10,4
STU-1341,Student 342,87,55,52,19,3
STU-1342,Student 343,96,73,34,18,8
STU-1343,Student 344,91,76,94,6,14
STU-1344,Student 345,99,20,59,27,10
STU-1345,Student 346,88,82,50,29,1
STU-1346,Student 347,41,73,99,15,14
STU-1347,Student 348,40,74,51,21,2
STU-1348,Student 349,87,59,61,10,13
STU-1349,Student 350,51,34,62,5,7
STU-1350,Student 351,44,40,45,26,4
STU-1351,Student 352,76,66,67,29,8
STU-1352,Student 353,71,92,43,5,11
STU-1353,Student 354,98,72,65,10,13
STU-1354,Student 355,94,28,52,28,3
STU-1355,Student 356,48,93,95,5,6
STU-1356,Student 357,80,71,31,3,9
STU-1357,Student 358,74,76,94,23,1
STU-1358,Student 359,58,45,96,6,1
STU-1359,Student 360,87,60,81,4,8
STU-1360,Student 361,55,54,91,18,3
STU-1361,Student 362,42,82,52,28,5
STU-1362,Student 363,59,44,55,9,1
STU-1363,Student 364,63,94,97,17,5
STU-1364,Student 365,93,57,84,29,11
STU-1365,Student 366,95,21,35,13,6
STU-1366,Student 367,72,26,64,27,8
STU-1367,Student 368,63,53,51,15,13
STU-1368,Student 369,91,36,72,20,14
STU-1369,Student 370,50,62,44,17,3
STU-1370,Student 371,88,78,89,13,3
STU-1371,Student 372,47,70,41,16,12
STU-1372,Student 373,75,73,78,22,11
STU-1373,Student 374,77,43,71,4,11
STU-1374,Student 375,79,44,67,5,10
STU-1375,Student 376,59,90,74,5,9
STU-1376,Student 377,74,71,64,9,4
STU-1377,Student 378,87,89,59,17,4
STU-1378,Student 379,64,52,59,13,12
STU-1379,Student 380,74,68,35,2,7
STU-1380,Student 381,64,48,96,13,2
STU-1381,Student 382,68,82,36,22,8
STU-1382,Student 383,57,41,81,21,6
STU-1383,Student 384,85,45,43,27,3
STU-1384,Student 385,57,47,44,23,9
STU-1385,Student 386,41,68,50,19,5
STU-1386,Student 387,93,90,64,3,8
STU-1387,Student 388,74,68,95,10,7
STU-1388,Student 389,55,39,31,2,14
STU-1389,Student 390,80,82,64,13,8
STU-1390,Student 391,75,80,49,19,7
STU-1391,Student 392,72,68,39,26,3
STU-1392,Student 393,43,90,54,17,2
STU-1393,Student 394,72,20,95,21,7
STU-1394,Student 395,53,32,54,14,3
STU-1395,Student 396,60,70,83,12,3
STU-1396,Student 397,87,75,62,21,2
STU-1397,Student 398,59,81,65,12,4
STU-1398,Student 399,95,51,43,11,8
STU-1399,Student 400,47,49,94,7,12
STU-1400,Student 401,46,48,83,4,1
STU-1401,Student 402,42,68,81,19,1
STU-1402,Student 403,56,64,32,1,12
STU-1403,Student 404,72,49,70,28,14
STU-1404,Student 405,87,35,35,24,5
STU-1405,Student 406,51,59,54,29,11
STU-1406,Student 407,98,38,42,3,5
STU-1407,Student 408,90,37,37,13,11
STU-1408,Student 409,61,20,50,15,12
STU-1409,Student 410,94,97,97,2,1
STU-1410,Student 411,61,66,54,11,6
STU-1411,Student 412,85,85,97,4,1
STU-1412,Student 413,69,57,74,19,5
STU-1413,Student 414,77,70,89,29,9
STU-1414,Student 415,77,82,41,17,12
STU-1415,Student 416,84,23,61,3,14
STU-1416,Student 417,90,20,42,28,5
STU-1417,Student 418,93,27,60,18,6
STU-1418,Student 419,47,48,49,8,8
STU-1419,Student 420,66,74,47,22,11
STU-1420,Student 421,66,22,89,25,1
STU-1421,Student 422,73,51,92,24,14
STU-1422,Student 423,60,29,35,26,2
STU-1423,Student 424,69,93,61,19,9
STU-1424,Student 425,72,53,72,5,3
STU-1425,Student 426,67,74,31,7,6
STU-1426,Student 427,86,51,89,21,5
STU-1427,Student 428,72,69,52,8,11
STU-1428,Student 429,44,26,60,28,2
STU-1429,Student 430,99,27,34,5,14
STU-1430,Student 431,87,84,63,17,7
STU-1431,Student 432,58,76,39,5,4
STU-1432,Student 433,43,86,31,4,1
STU-1433,Student 434,74,78,40,22,13
STU-1434,Student 435,88,91,79,19,4
STU-1435,Student 436,56,73,60,27,6
STU-1436,Student 437,83,86,85,21,7
STU-1437,Student 438,67,70,38,2,7
STU-1438,Student 439,69,27,50,11,14
STU-1439,Student 440,68,53,57,22,7
STU-1440,Student 441,85,54,91,13,3
STU-1441,Student 442,92,97,36,15,6
STU-1442,Student 443,45,51,45,12,13
STU-1443,Student 444,74,65,33,22,8
STU-1444,Student 445,99,35,33,21,4
STU-1445,Student 446,80,87,69,22,13
STU-1446,Student 447,76,56,46,11,8
STU-1447,Student 448,63,73,81,7,2
STU-1448,Student 449,68,33,81,28,10
STU-1449,Student 450,88,74,65,5,9
STU-1450,Student 451,85,67,67,17,9
STU-1451,Student 452,92,26,79,24,8
STU-1452,Student 453,70,93,92,20,10
STU-1453,Student 454,74,26,92,9,14
STU-1454,Student 455,99,52,91,14,13
STU-1455,Student 456,72,42,36,26,10
STU-1456,Student 457,91,38,56,12,1
STU-1457,Student 458,60,38,43,6,2
STU-1458,Student 459,71,55,34,17,6
STU-1459,Student 460,62,48,84,19,10
STU-1460,Student 461,72,79,31,19,5
STU-1461,Student 462,42,21,91,26,12
STU-1462,Student 463,57,20,50,16,14
STU-1463,Student 464,64,66,50,12,9
STU-1464,Student 465,81,88,39,12,5
STU-1465,Student 466,70,39,87,20,2
STU-1466,Student 467,93,30,68,6,10
STU-1467,Student 468,97,21,34,23,4
STU-1468,Student 469,42,86,94,26,9
STU-1469,Student 470,79,31,42,4,1
STU-1470,Student 471,85,39,82,6,11
STU-1471,Student 472,63,24,74,11,1
STU-1472,Student 473,89,56,61,1,12
STU-1473,Student 474,71,57,65,24,7
STU-1474,Student 475,86,28,89,23,11
STU-1475,Student 476,61,72,40,15,3
STU-1476,Student 477,62,63,92,27,10
STU-1477,Student 478,41,43,50,11,2
STU-1478,Student 479,66,93,81,25,9
STU-1479,Student 480,81,49,84,19,3
STU-1480,Student 481,41,78,55,18,2
STU-1481,Student 482,65,33,97,17,12
STU-1482,Student 483,56,28,63,19,8
STU-1483,Student 484,79,59,81,21,10
STU-1484,Student 485,72,85,81,14,6
STU-1485,Student 486,48,44,58,27,6
STU-1486,Student 487,82,92,67,18,10
STU-1487,Student 488,93,41,71,28,11
STU-1488,Student 489,87,23,50,19,7
STU-1489,Student 490,78,45,71,15,7
STU-1490,Student 491,68,77,42,15,11
STU-1491,Student 492,81,48,93,4,13
STU-1492,Student 493,94,56,46,7,6
STU-1493,Student 494,65,94,38,13,4
STU-1494,Student 495,74,89,70,3,11
STU-1495,Student 496,89,37,30,16,9
STU-1496,Student 497,64,61,31,9,6
STU-1497,Student 498,63,60,89,8,4
STU-1498,Student 499,52,57,77,20,12
STU-1499,Student 500,99,53,58,13,3
STU-1500,Student 501,97,36,39,17,4
STU-1501,Student 502,46,56,87,17,3
STU-1502,Student 503,96,44,89,17,2
STU-1503,Student 504,75,95,50,1,14
STU-1504,Student 505,84,46,57,8,5
STU-1505,Student 506,59,76,63,19,2
STU-1506,Student 507,40,50,37,6,6
STU-1507,Student 508,47,25,88,3,3
STU-1508,Student 509,85,59,78,27,6
STU-1509,Student 510,55,31,46,5,11
STU-1510,Student 511,53,72,89,13,10
STU-1511,Student 512,51,90,74,15,9
STU-1512,Student 513,90,29,98,14,1
STU-1513,Student 514,62,64,61,29,6
STU-1514,Student 515,54,36,73,23,9
STU-1515,Student 516,67,45,94,16,11
STU-1516,Student 517,73,81,37,18,4
STU-1517,Student 518,41,65,72,22,11
STU-1518,Student 519,71,83,30,29,12
STU-1519,Student 520,62,21,80,22,2
STU-1520,Student 521,61,73,53,11,13
STU-1521,Student 522,90,84,53,3,4
STU-1522,Student 523,64,70,46,22,1
STU-1523,Student 524,97,72,34,10,3
STU-1524,Student 525,61,55,49,10,10
STU-1525,Student 526,97,45,50,21,9
STU-1526,Student 527,97,48,87,16,10
STU-1527,Student 528,61,40,60,12,5
STU-1528,Student 529,88,30,40,2,11
STU-1529,Student 530,91,59,81,9,6
STU-1530,Student 531,81,30,44,24,3
STU-1531,Student 532,45,55,36,3,5
STU-1532,Student 533,54,78,57,24,11
STU-1533,Student 534,93,58,80,25,8
STU-1534,Student 535,82,73,87,15,6
STU-1535,Student 536,99,74,34,3,4
STU-1536,Student 537,76,43,34,19,2
STU-1537,Student 538,72,41,37,18,14
STU-1538,Student 539,47,88,93,8,9
STU-1539,Student 540,92,75,39,26,13
STU-1540,Student 541,99,52,67,17,12
STU-1541,Student 542,83,55,37,8,1
STU-1542,Student 543,83,39,54,7,1
STU-1543,Student 544,44,81,95,7,13
STU-1544,Student 545,78,92,79,3,4
STU-1545,Student 546,43,45,96,1,7
STU-1546,Student 547,45,85,78,4,1
STU-1547,Student 548,84,92,65,25,9
STU-1548,Student 549,71,92,97,5,4
STU-1549,Student 550,91,59,70,1,3
STU-1550,Student 551,69,36,91,15,1
STU-1551,Student 552,86,20,39,5,10
STU-1552,Student 553,74,80,50,13,4
STU-1553,Student 554,94,62,65,8,9
STU-1554,Student 555,79,61,41,8,13
STU-1555,Student 556,91,44,31,5,14
STU-1556,Student 557,55,58,42,28,10
STU-1557,Student 558,52,54,82,9,6
STU-1558,Student 559,89,22,61,1,6
STU-1559,Student 560,99,63,45,4,1
STU-1560,Student 561,81,70,61,3,10
STU-1561,Student 562,69,31,61,2,2
STU-1562,Student 563,58,38,40,8,11
STU-1563,Student 564,56,63,39,23,6
STU-1564,Student 565,95,78,44,9,2
STU-1565,Student 566,58,68,46,2,3
STU-1566,Student 567,67,80,69,14,4
STU-1567,Student 568,97,36,47,14,11
STU-1568,Student 569,94,93,84,4,5
STU-1569,Student 570,65,76,54,6,9
STU-1570,Student 571,76,74,88,11,12
STU-1571,Student 572,65,66,51,3,4
STU-1572,Student 573,92,31,59,8,13
STU-1573,Student 574,62,81,73,3,11
STU-1574,Student 575,48,99,61,14,9
STU-1575,Student 576,51,27,80,28,11
STU-1576,Student 577,92,40,75,13,10
STU-1577,Student 578,40,99,50,13,3
STU-1578,Student 579,97,89,61,2,8
STU-1579,Student 580,97,91,68,13,12
STU-1580,Student 581,40,44,41,29,1
STU-1581,Student 582,86,31,76,19,11
STU-1582,Student 583,73,34,47,27,9
STU-1583,Student 584,71,78,50,6,9
STU-1584,Student 585,93,45,42,16,10
STU-1585,Student 586,87,45,50,2,2
STU-1586,Student 587,64,66,37,8,4
STU-1587,Student 588,79,51,75,17,13
STU-1588,Student 589,84,29,36,23,8
STU-1589,Student 590,92,35,52,2,7
STU-1590,Student 591,40,90,51,10,1
STU-1591,Student 592,55,36,51,28,5
STU-1592,Student 593,78,42,58,16,7
STU-1593,Student 594,44,45,42,6,4
STU-1594,Student 595,61,26,31,28,1
STU-1595,Student 596,68,33,58,2,9
STU-1596,Student 597,94,98,81,2,14
STU-1597,Student 598,42,26,56,26,5
STU-1598,Student 599,51,28,79,13,11
STU-1599,Student 600,65,67,52,24,2
STU-1600,Student 601,55,91,73,15,8
STU-1601,Student 602,90,78,51,28,11
STU-1602,Student 603,76,58,72,2,13
STU-1603,Student 604,61,37,66,7,2
STU-1604,Student 605,96,78,90,3,3
STU-1605,Student 606,68,36,85,8,14
STU-1606,Student 607,53,33,32,23,10
STU-1607,Student 608,67,50,92,14,1
STU-1608,Student 609,44,43,48,24,11
STU-1609,Student 610,86,79,52,23,2
STU-1610,Student 611,88,64,58,27,14
STU-1611,Student 612,69,22,59,22,7
STU-1612,Student 613,85,56,68,29,10
STU-1613,Student 614,91,62,54,7,2
STU-1614,Student 615,44,59,37,21,6
STU-1615,Student 616,51,74,87,7,3
STU-1616,Student 617,55,58,45,1,4
STU-1617,Student 618,65,34,30,17,11
STU-1618,Student 619,65,23,34,9,13
STU-1619,Student 620,87,44,32,21,8
STU-1620,Student 621,60,32,94,13,14
STU-1621,Student 622,78,52,33,21,3
STU-1622,Student 623,75,35,93,19,10
STU-1623,Student 624,72,61,39,21,6
STU-1624,Student 625,69,85,50,19,1
STU-1625,Student 626,76,74,75,25,7
STU-1626,Student 627,62,61,56,25,8
STU-1627,Student 628,97,53,95,22,11
STU-1628,Student 629,49,49,70,17,14
STU-1629,Student 630,93,32,42,23,8
STU-1630,Student 631,44,32,38,23,3
STU-1631,Student 632,75,37,65,10,14
STU-1632,Student 633,73,51,87,10,10
STU-1633,Student 634,91,58,83,4,1
STU-1634,Student 635,70,65,41,8,9
STU-1635,Student 636,49,48,43,22,13
STU-1636,Student 637,97,81,63,20,6
STU-1637,Student 638,58,81,82,20,11
STU-1638,Student 639,97,76,49,18,9
STU-1639,Student 640,71,35,45,14,7
STU-1640,Student 641,40,75,99,18,1
STU-1641,Student 642,95,29,85,28,12
STU-1642,Student 643,44,49,87,14,12
STU-1643,Student 644,84,44,33,20,1
STU-1644,Student 645,43,24,33,21,6
STU-1645,Student 646,55,84,49,24,5
STU-1646,Student 647,63,68,39,15,9
STU-1647,Student 648,55,22,53,22,2
STU-1648,Student 649,94,64,55,4,8
STU-1649,Student 650,41,33,66,13,11
STU-1650,Student 651,88,49,83,27,5
STU-1651,Student 652,67,87,50,23,2
STU-1652,Student 653,71,37,67,8,13
STU-1653,Student 654,66,81,75,18,10
STU-1654,Student 655,59,56,33,12,11
STU-1655,Student 656,63,44,89,23,11
STU-1656,Student 657,51,67,86,14,12
STU-1657,Student 658,89,84,74,2,6
STU-1658,Student 659,74,72,49,18,10
STU-1659,Student 660,99,98,46,24,8
STU-1660,Student 661,72,92,33,2,4
STU-1661,Student 662,72,34,43,11,2
STU-1662,Student 663,90,68,32,9,12
STU-1663,Student 664,82,87,87,12,11
STU-1664,Student 665,76,31,84,17,5
STU-1665,Student 666,51,78,33,15,12
STU-1666,Student 667,42,56,53,25,2
STU-1667,Student 668,40,80,63,17,2
STU-1668,Student 669,72,62,59,26,6
STU-1669,Student 670,79,89,48,29,11
STU-1670,Student 671,49,58,60,26,10
STU-1671,Student 672,82,75,89,18,9
STU-1672,Student 673,83,82,89,22,13
STU-1673,Student 674,68,65,48,6,4
STU-1674,Student 675,52,30,78,17,6
STU-1675,Student 676,51,81,92,23,7
STU-1676,Student 677,70,96,51,24,13
STU-1677,Student 678,85,44,53,18,11
STU-1678,Student 679,41,90,59,8,6
STU-1679,Student 680,90,71,87,9,8
STU-1680,Student 681,89,23,60,6,4
STU-1681,Student 682,74,78,93,5,12
STU-1682,Student 683,62,91,48,12,1
STU-1683,Student 684,56,39,77,25,7
STU-1684,Student 685,65,82,74,29,3
STU-1685,Student 686,47,73,84,28,14
STU-1686,Student 687,68,93,84,11,6
STU-1687,Student 688,65,76,47,25,2
STU-1688,Student 689,49,60,92,1,9
STU-1689,Student 690,65,22,76,11,1
STU-1690,Student 691,73,25,86,19,6
STU-1691,Student 692,90,24,74,9,6
STU-1692,Student 693,80,24,62,27,5
STU-1693,Student 694,46,73,46,2,13
STU-1694,Student 695,43,66,99,12,5
STU-1695,Student 696,97,68,33,4,1
STU-1696,Student 697,92,28,49,4,10
STU-1697,Student 698,89,39,76,18,12
STU-1698,Student 699,84,80,44,15,5
STU-1699,Student 700,50,54,99,19,2
STU-1700,Student 701,68,69,76,13,7
STU-1701,Student 702,95,81,38,19,3
STU-1702,Student 703,75,36,45,17,13
STU-1703,Student 704,64,22,98,6,4
STU-1704,Student 705,60,51,90,16,3
STU-1705,Student 706,96,32,39,24,3
STU-1706,Student 707,75,92,79,12,4
STU-1707,Student 708,49,87,32,19,5
STU-1708,Student 709,76,33,99,5,1
STU-1709,Student 710,48,30,80,17,4
STU-1710,Student 711,63,75,48,26,12
STU-1711,Student 712,74,86,71,23,12
STU-1712,Student 713,88,48,64,26,11
STU-1713,Student 714,74,28,75,29,8
STU-1714,Student 715,87,86,55,1,10
STU-1715,Student 716,75,44,98,28,7
STU-1716,Student 717,57,95,93,27,9
STU-1717,Student 718,88,61,66,25,5
STU-1718,Student 719,78,28,78,24,13
STU-1719,Student 720,71,98,50,23,10
STU-1720,Student 721,63,59,93,10,4
STU-1721,Student 722,62,44,34,15,8
STU-1722,Student 723,71,24,99,23,9
STU-1723,Student 724,76,30,33,21,13
STU-1724,Student 725,51,78,68,21,7
STU-1725,Student 726,88,98,64,11,14
STU-1726,Student 727,94,57,30,13,7
STU-1727,Student 728,52,91,53,5,5
STU-1728,Student 729,62,24,86,1,4
STU-1729,Student 730,64,67,99,24,14
STU-1730,Student 731,74,37,70,12,10
STU-1731,Student 732,80,89,83,11,1
STU-1732,Student 733,69,56,75,17,10
STU-1733,Student 734,56,79,89,4,10
STU-1734,Student 735,88,67,89,15,7
STU-1735,Student 736,59,96,86,25,1
STU-1736,Student 737,87,47,60,9,1
STU-1737,Student 738,64,88,53,21,5
STU-1738,Student 739,61,96,65,20,13
STU-1739,Student 740,52,59,59,19,9
STU-1740,Student 741,98,64,53,19,6
STU-1741,Student 742,58,81,59,12,3
STU-1742,Student 743,88,77,36,5,13
STU-1743,Student 744,75,86,64,10,3
STU-1744,Student 745,51,75,84,17,7
STU-1745,Student 746,80,59,43,5,6
STU-1746,Student 747,58,59,39,22,9
STU-1747,Student 748,51,96,45,16,6
STU-1748,Student 749,48,52,83,7,5
STU-1749,Student 750,46,25,99,28,10
STU-1750,Student 751,67,38,73,9,7
STU-1751,Student 752,53,99,74,3,1
STU-1752,Student 753,70,59,85,15,12
STU-1753,Student 754,91,78,86,16,7
STU-1754,Student 755,58,78,50,18,3
STU-1755,Student 756,97,67,97,14,14
STU-1756,Student 757,86,60,79,3,9
STU-1757,Student 758,55,32,62,12,6
STU-1758,Student 759,92,64,36,9,9
STU-1759,Student 760,44,72,99,28,13
STU-1760,Student 761,74,61,44,7,5
STU-1761,Student 762,51,82,61,9,7
STU-1762,Student 763,64,46,49,13,13
STU-1763,Student 764,91,57,44,18,14
STU-1764,Student 765,98,79,77,5,4
STU-1765,Student 766,60,26,50,13,7
STU-1766,Student 767,75,24,71,4,13
STU-1767,Student 768,92,64,55,2,1
STU-1768,Student 769,62,77,43,16,7
STU-1769,Student 770,55,50,86,9,8
STU-1770,Student 771,96,42,66,9,5
STU-1771,Student 772,78,61,87,6,2
STU-1772,Student 773,84,29,50,11,5
STU-1773,Student 774,92,51,98,22,6
STU-1774,Student 775,81,72,32,24,12
STU-1775,Student 776,97,49,66,22,2
STU-1776,Student 777,78,58,78,1,14
STU-1777,Student 778,53,50,48,4,6
STU-1778,Student 779,70,21,41,13,6
STU-1779,Student 780,97,97,90,23,1
STU-1780,Student 781,44,96,70,13,14
STU-1781,Student 782,74,31,62,13,1
STU-1782,Student 783,62,58,79,2,14
STU-1783,Student 784,68,85,97,9,11
STU-1784,Student 785,82,32,62,24,10
STU-1785,Student 786,50,65,53,8,3
STU-1786,Student 787,57,46,90,7,14
STU-1787,Student 788,86,36,90,4,10
STU-1788,Student 789,51,79,57,18,10
STU-1789,Student 790,48,83,87,3,12
STU-1790,Student 791,49,54,72,28,3
STU-1791,Student 792,97,89,70,6,4
STU-1792,Student 793,83,49,68,12,2
STU-1793,Student 794,56,90,78,12,9
STU-1794,Student 795,77,93,46,21,10
STU-1795,Student 796,46,82,99,28,12
STU-1796,Student 797,85,47,99,8,11
STU-1797,Student 798,52,79,94,22,14
STU-1798,Student 799,79,98,34,22,7
STU-1799,Student 800,81,56,31,1,7
STU-1800,Student 801,48,41,51,4,6
STU-1801,Student 802,89,87,86,21,3
STU-1802,Student 803,66,39,95,28,6
STU-1803,Student 804,97,87,45,11,14
STU-1804,Student 805,41,83,80,3,12
STU-1805,Student 806,44,36,68,13,8
STU-1806,Student 807,68,31,69,25,8
STU-1807,Student 808,76,41,67,17,11
STU-1808,Student 809,77,36,89,22,13
STU-1809,Student 810,58,29,88,22,9
STU-1810,Student 811,47,84,39,10,1
STU-1811,Student 812,87,41,93,21,14
STU-1812,Student 813,84,69,92,12,1
STU-1813,Student 814,40,33,78,15,3
STU-1814,Student 815,61,83,93,21,3
STU-1815,Student 816,91,66,61,10,10
STU-1816,Student 817,56,48,36,14,8
STU-1817,Student 818,46,95,50,13,10
STU-1818,Student 819,64,55,49,5,1
STU-1819,Student 820,84,71,55,6,13
STU-1820,Student 821,43,95,97,24,2
STU-1821,Student 822,75,26,44,2,2
STU-1822,Student 823,45,48,43,22,3
STU-1823,Student 824,99,30,56,17,13
STU-1824,Student 825,70,52,69,4,6
STU-1825,Student 826,58,25,87,14,1
STU-1826,Student 827,83,98,57,10,2
STU-1827,Student 828,93,51,55,3,13
STU-1828,Student 829,78,70,92,25,13
STU-1829,Student 830,66,94,95,3,1
STU-1830,Student 831,49,77,54,15,5
STU-1831,Student 832,65,45,32,6,13
STU-1832,Student 833,58,65,73,17,13
STU-1833,Student 834,78,48,71,12,7
STU-1834,Student 835,42,23,35,22,8
STU-1835,Student 836,84,32,68,20,10
STU-1836,Student 837,52,58,81,24,1
STU-1837,Student 838,89,34,52,29,7
STU-1838,Student 839,67,48,79,11,13
STU-1839,Student 840,97,48,72,25,5
STU-1840,Student 841,59,94,48,4,10
STU-1841,Student 842,67,51,98,26,1
STU-1842,Student 843,47,21,80,28,3
STU-1843,Student 844,80,66,40,26,7
STU-1844,Student 845,78,97,41,6,10
STU-1845,Student 846,40,41,37,1,1
STU-1846,Student 847,42,94,53,20,7
STU-1847,Student 848,52,46,70,23,5
STU-1848,Student 849,67,86,65,28,1
STU-1849,Student 850,96,75,84,16,1
STU-1850,Student 851,99,40,38,15,14
STU-1851,Student 852,88,66,76,17,1
STU-1852,Student 853,64,99,44,8,11
STU-1853,Student 854,95,78,77,28,9
STU-1854,Student 855,72,25,71,26,11
STU-1855,Student 856,77,38,89,12,13
STU-1856,Student 857,92,76,99,27,3
STU-1857,Student 858,45,88,41,22,13
STU-1858,Student 859,97,22,31,21,5
STU-1859,Student 860,83,20,36,10,11
STU-1860,Student 861,84,77,32,27,10
STU-1861,Student 862,71,57,32,15,12
STU-1862,Student 863,84,34,56,9,9
STU-1863,Student 864,86,53,69,2,6
STU-1864,Student 865,60,80,62,5,12
STU-1865,Student 866,55,54,30,6,9
STU-1866,Student 867,93,83,37,7,8
STU-1867,Student 868,60,44,61,21,8
STU-1868,Student 869,50,43,77,25,1
STU-1869,Student 870,99,31,33,1,13
STU-1870,Student 871,76,37,99,23,9
STU-1871,Student 872,75,34,48,26,6
STU-1872,Student 873,74,99,61,7,9
STU-1873,Student 874,58,46,38,20,3
STU-1874,Student 875,59,91,41,25,12
STU-1875,Student 876,96,79,40,12,3
STU-1876,Student 877,57,65,75,16,6
STU-1877,Student 878,86,36,45,16,9
STU-1878,Student 879,80,72,30,11,7
STU-1879,Student 880,88,27,92,21,14
STU-1880,Student 881,53,98,50,4,13
STU-1881,Student 882,54,46,59,13,3
STU-1882,Student 883,70,65,42,7,3
STU-1883,Student 884,40,69,63,4,2
STU-1884,Student 885,92,90,33,15,9
STU-1885,Student 886,93,22,57,19,13
STU-1886,Student 887,93,83,88,9,3
STU-1887,Student 888,42,63,56,11,11
STU-1888,Student 889,55,72,98,8,5
STU-1889,Student 890,62,43,54,1,14
STU-1890,Student 891,96,79,32,23,14
STU-1891,Student 892,50,22,97,25,9
STU-1892,Student 893,51,39,54,24,8
STU-1893,Student 894,49,65,49,8,2
STU-1894,Student 895,71,34,63,13,3
STU-1895,Student 896,55,44,55,22,2
STU-1896,Student 897,47,97,34,27,8
STU-1897,Student 898,77,90,90,4,6
STU-1898,Student 899,51,36,38,8,6
STU-1899,Student 900,63,28,79,3,12
STU-1900,Student 901,67,57,35,29,9
STU-1901,Student 902,92,67,89,9,8
STU-1902,Student 903,47,79,73,29,4
STU-1903,Student 904,97,82,40,2,12
STU-1904,Student 905,67,21,95,2,4
STU-1905,Student 906,75,91,76,28,9
STU-1906,Student 907,65,30,32,13,1
STU-1907,Student 908,47,83,59,15,13
STU-1908,Student 909,97,96,50,28,2
STU-1909,Student 910,99,91,57,23,2
STU-1910,Student 911,89,40,91,12,13
STU-1911,Student 912,67,37,62,26,13
STU-1912,Student 913,67,83,64,4,6
STU-1913,Student 914,76,57,81,26,4
STU-1914,Student 915,80,51,63,8,13
STU-1915,Student 916,75,30,70,9,11
STU-1916,Student 917,66,64,80,23,10
STU-1917,Student 918,93,52,76,5,13
STU-1918,Student 919,56,60,87,24,3
STU-1919,Student 920,48,27,86,20,3
STU-1920,Student 921,72,30,52,18,3
STU-1921,Student 922,92,70,77,11,6
STU-1922,Student 923,59,60,51,15,14
STU-1923,Student 924,52,36,46,28,8
STU-1924,Student 925,67,95,98,22,11
STU-1925,Student 926,87,65,40,9,7
STU-1926,Student 927,68,51,44,17,14
STU-1927,Student 928,52,98,64,27,4
STU-1928,Student 929,85,99,62,26,11
STU-1929,Student 930,74,73,45,12,12
STU-1930,Student 931,45,39,63,7,4
STU-1931,Student 932,57,52,95,10,11
STU-1932,Student 933,90,93,69,25,10
STU-1933,Student 934,44,59,57,26,11
STU-1934,Student 935,86,51,76,25,11
STU-1935,Student 936,64,21,68,10,14
STU-1936,Student 937,41,52,99,27,11
STU-1937,Student 938,49,96,49,13,2
STU-1938,Student 939,95,49,30,19,14
STU-1939,Student 940,69,52,92,11,1
STU-1940,Student 941,89,96,96,13,9
STU-1941,Student 942,98,45,33,21,12
STU-1942,Student 943,84,41,87,8,12
STU-1943,Student 944,44,85,54,8,2
STU-1944,Student 945,94,57,76,4,13
STU-1945,Student 946,95,65,67,15,8
STU-1946,Student 947,72,34,44,28,9
STU-1947,Student 948,93,63,92,11,4
STU-1948,Student 949,40,68,50,11,8
STU-1949,Student 950,57,94,86,1,9
STU-1950,Student 951,71,80,82,17,10
STU-1951,Student 952,86,86,75,15,10
STU-1952,Student 953,88,25,43,20,5
STU-1953,Student 954,50,28,46,6,13
STU-1954,Student 955,60,25,68,24,14
STU-1955,Student 956,65,92,38,22,7
STU-1956,Student 957,64,51,35,28,10
STU-1957,Student 958,61,60,52,25,4
STU-1958,Student 959,98,95,88,15,1
STU-1959,Student 960,66,27,75,9,3
STU-1960,Student 961,88,91,67,14,5
STU-1961,Student 962,52,69,43,18,3
STU-1962,Student 963,72,81,91,26,12
STU-1963,Student 964,73,81,64,17,13
STU-1964,Student 965,80,26,48,18,11
STU-1965,Student 966,74,94,59,5,7
STU-1966,Student 967,40,99,54,20,12
STU-1967,Student 968,60,23,69,20,9
STU-1968,Student 969,87,25,43,9,12
STU-1969,Student 970,94,77,55,11,6
STU-1970,Student 971,45,41,51,24,13
STU-1971,Student 972,67,45,77,22,10
STU-1972,Student 973,56,22,80,1,1
STU-1973,Student 974,44,60,32,18,7
STU-1974,Student 975,70,79,71,6,3
STU-1975,Student 976,44,33,48,27,5
STU-1976,Student 977,77,94,57,2,10
STU-1977,Student 978,42,31,74,15,4
STU-1978,Student 979,92,31,92,29,10
STU-1979,Student 980,62,32,48,26,5
STU-1980,Student 981,76,44,76,21,5
STU-1981,Student 982,92,64,43,14,6
STU-1982,Student 983,76,38,67,5,14
STU-1983,Student 984,49,74,82,6,10
STU-1984,Student 985,49,64,90,6,12
STU-1985,Student 986,58,27,65,22,10
STU-1986,Student 987,56,72,69,18,13
STU-1987,Student 988,60,74,59,14,13
STU-1988,Student 989,53,51,38,10,11
STU-1989,Student 990,48,70,93,14,6
STU-1990,Student 991,85,63,62,13,8
STU-1991,Student 992,40,89,81,3,8
STU-1992,Student 993,90,37,43,6,11
STU-1993,Student 994,84,41,82,29,9
STU-1994,Student 995,52,56,88,8,8
STU-1995,Student 996,43,75,70,12,13
STU-1996,Student 997,40,78,97,13,11
STU-1997,Student 998,88,22,97,11,2
STU-1998,Student 999,79,47,37,12,14
STU-1999,Student 1000,71,93,31,1,14
